0,Test,Description
1,Test2,Description2
2,Test3,Description3
3,Test4,Description4
4,Test5,Description5
5,Test6,Description6
6,Test7,Description7
7,Test8,Description8
8,Test9,Description9
9,Test10,Description10
10,Test11,Description11
11,Test12,Description12
12,Test13,Description13
13,Test14,Description14
14,Test15,Description15
15,Test16,Description16
16,Test17,Description17
17,Test18,Description18
18,Test19,Description19
19,Test20,Description20
20,Test21,Description21
21,Test22,Description22
22,Test23,Description23
23,Test24,Description24
24,Test25,Description25
25,Test26,Description26
26,Test27,Description27
27,Test28,Description28
28,Test29,Description29
29,Test30,Description30
30,Test31,Description31
31,Test32,Description32
32,Test33,Description33
33,Test34,Description34
34,Test35,Description35
35,Test36,Description36
36,Test37,Description37
37,Test38,Description38
38,Test39,Description39
39,Test40,Description40
40,Test41,Description41
41,Test42,Description42
42,Test43,Description43
43,Test44,Description44
44,Test45,Description45
45,Test46,Description46
46,Test47,Description47
